<?xml version="1.0" encoding="UTF-8"?>
<beans xmlns="http://www.springframework.org/schema/beans"
	xmlns:xsi="http://www.w3.org/2001/XMLSchema-instance"
	xmlns:util="http://www.springframework.org/schema/util"
	xsi:schemaLocation="
		http://www.springframework.org/schema/beans https://www.springframework.org/schema/beans/spring-beans.xsd
		http://www.springframework.org/schema/util https://www.springframework.org/schema/util/spring-util.xsd">

	<!-- bean definitions here -->
	<!-- <bean class="com.spring.beans.Employee" id="employee" autowire="byName"> 
		<property name="id" value="1203"></property> <property name="name" value="viva"></property> 
		<property name="project" ref="project"></property> < autowire manually > 
		</bean> 

	<bean class="com.spring.beans.Employee" id="employee"
		autowire="byType">
		<property name="id" value="1203"></property>
		<property name="name" value="viva"></property>
		<property name="project" ref="project"></property> < autowire manually 
			> 
	</bean>-->
	
	<bean class="com.spring.beans.Employee" id="employee"
		autowire="constructor">
		<property name="id" value="1203"></property>
		<property name="name" value="viva"></property>
		<property name="project" ref="project"></property> <!-- autowire manually 
			> -->
	</bean>

	<bean class="com.spring.beans.Project" id="project">
		<property name="projectId" value="12"></property>
		<property name="projectDescription"
			value=" project1 Description"></property>
	</bean>

</beans>