<?xml version="1.0" encoding="UTF-8"?>
<beans xmlns="http://www.springframework.org/schema/beans"
	xmlns:xsi="http://www.w3.org/2001/XMLSchema-instance" xmlns:context="http://www.springframework.org/schema/context"
	xmlns:p="http://www.springframework.org/schema/p"
	xsi:schemaLocation="http://www.springframework.org/schema/beans
    http://www.springframework.org/schema/beans/spring-beans.xsd
    http://www.springframework.org/schema/context
    http://www.springframework.org/schema/context/spring-context.xsd">
    <bean name="person" class="com.practice.spring.diexample.Person">
    	<property name="name" value="XYZ"/>
    	<property name="gender" value="Male"/>
    	<property name="age" value="52"/>
    	<!-- <property name="address" ref="address"/> -->
    	<constructor-arg ref = "address"/>
    </bean>
    <bean name="address" class="com.practice.spring.diexample.Address">
    	<property name="houseNo" value="XYZ"/>
    	<property name="street" value="ABC street"/>
    	<property name="city" value="Hyderabad"/>
    	<property name="state" value="Telangana"/>
    </bean>

</beans>